date,time,windspeed,activepower,pressure,temperature
2011-08-04,0:00:00,4.525,163.782,1004.3,27.4
2011-08-04,0:01:00,4.109,141.227,1004.3,27.4
2011-08-04,0:02:00,4.074,147.026,1004.3,27.4
2011-08-04,0:03:00,4.934,166.2,1004.3,27.4
2011-08-04,0:04:00,5.121,180.485,1004.3,27.4
2011-08-04,0:05:00,5.362,199.167,1004.3,27.4
2011-08-04,0:06:00,4.774,174.645,1004.3,27.4
2011-08-04,0:07:00,5.151,184.334,1004.3,27.4
2011-08-04,0:08:00,5.508,191.621,1004.3,27.4
2011-08-04,0:09:00,4.967,179.813,1004.3,27.4
2011-08-04,0:10:00,4.479,156.936,1004.3,27.4
2011-08-04,0:11:00,4.588,180.109,1004.3,27.4
2011-08-04,0:12:00,4.131,169.09,1004.3,27.4
2011-08-04,0:13:00,5.333,187.683,1004.3,27.4
2011-08-04,0:14:00,4.952,160.485,1004.3,27.4
2011-08-04,0:15:00,4.694,160.255,1004.3,27.4
2011-08-04,0:16:00,4.17,144.401,1004.3,27.4
2011-08-04,0:17:00,5.155,181.296,1004.3,27.4
2011-08-04,0:18:00,5.208,200.236,1004.3,27.4
2011-08-04,0:19:00,4.992,187.262,1004.3,27.4
2011-08-04,0:20:00,4.626,194.074,1004.3,27.4
2011-08-04,0:21:00,5.026,168.736,1004.3,27.4
2011-08-04,0:22:00,4.668,163.846,1004.3,27.4
2011-08-04,0:23:00,4.703,196.027,1004.3,27.4
2011-08-04,0:24:00,5.127,229.627,1004.3,27.4
2011-08-04,0:25:00,5.536,224.038,1004.3,27.4
2011-08-04,0:26:00,4.876,251.26,1004.3,27.4
2011-08-04,0:27:00,5.48,234.302,1004.3,27.4
2011-08-04,0:28:00,5.687,240.516,1004.3,27.4
2011-08-04,0:29:00,5.312,237.422,1004.3,27.4
2011-08-04,0:30:00,5.188,231.675,1004.3,27.4
2011-08-04,0:31:00,4.582,197.558,1004.3,27.4
2011-08-04,0:32:00,4.499,176.399,1004.3,27.4
2011-08-04,0:33:00,4.648,173.988,1004.3,27.4
2011-08-04,0:34:00,4.967,189.276,1004.3,27.4
2011-08-04,0:35:00,3.165,127.188,1004.3,27.4
2011-08-04,0:36:00,4.963,182.058,1004.3,27.4
2011-08-04,0:37:00,4.825,153.067,1004.3,27.4
2011-08-04,0:38:00,4.378,154.314,1004.3,27.4
2011-08-04,0:39:00,5.233,182.622,1004.3,27.4
2011-08-04,0:40:00,5.369,199.02,1004.3,27.4
2011-08-04,0:41:00,5.077,192.558,1004.3,27.4
2011-08-04,0:42:00,5.149,218.234,1004.3,27.4
2011-08-04,0:43:00,5.119,240.649,1004.3,27.4
2011-08-04,0:44:00,5.897,319.017,1004.3,27.4
2011-08-04,0:45:00,6.072,309.581,1004.3,27.4
2011-08-04,0:46:00,5.992,351.133,1004.3,27.4
2011-08-04,0:47:00,6.017,333.916,1004.3,27.4
2011-08-04,0:48:00,5.439,257.768,1004.3,27.4
2011-08-04,0:49:00,5.386,285.668,1004.3,27.4
2011-08-04,0:50:00,5.686,260.264,1004.3,27.4
2011-08-04,0:51:00,5.875,312.221,1004.3,27.4
2011-08-04,0:52:00,5.726,310.704,1004.3,27.4
2011-08-04,0:53:00,5.654,314.459,1004.3,27.4
2011-08-04,0:54:00,5.705,280.704,1004.3,27.4
2011-08-04,0:55:00,4.91,251.808,1004.3,27.4
2011-08-04,0:56:00,5.324,280.847,1004.3,27.4
2011-08-04,0:57:00,5.488,229.876,1004.3,27.4
2011-08-04,0:58:00,4.871,211.186,1004.3,27.4
2011-08-04,0:59:00,5.499,219.952,1004.3,27.4
2011-08-04,1:00:00,5.23,218.073,1004.3,26.7
2011-08-04,1:01:00,6.236,285.885,1004.3,26.7
2011-08-04,1:02:00,5.626,246.851,1004.3,26.7
2011-08-04,1:03:00,5.091,168.665,1004.3,26.7
2011-08-04,1:04:00,6.207,327.958,1004.3,26.7
2011-08-04,1:05:00,5.152,277.31,1004.3,26.7
2011-08-04,1:06:00,5.249,241.433,1004.3,26.7
2011-08-04,1:07:00,5.539,248.311,1004.3,26.7
2011-08-04,1:08:00,5.617,233.105,1004.3,26.7
2011-08-04,1:09:00,5.725,270.387,1004.3,26.7
2011-08-04,1:10:00,6.136,352.879,1004.3,26.7
2011-08-04,1:11:00,5.965,355.439,1004.3,26.7
2011-08-04,1:12:00,6.134,335.346,1004.3,26.7
2011-08-04,1:13:00,5.451,310.808,1004.3,26.7
2011-08-04,1:14:00,6.21,337.313,1004.3,26.7
2011-08-04,1:15:00,5.756,362.444,1004.3,26.7
2011-08-04,1:16:00,6.256,336.681,1004.3,26.7
2011-08-04,1:17:00,6.551,387.199,1004.3,26.7
2011-08-04,1:18:00,6.172,425.796,1004.3,26.7
2011-08-04,1:19:00,6.864,480.835,1004.3,26.7
2011-08-04,1:20:00,6.56,429.951,1004.3,26.7
2011-08-04,1:21:00,6.702,449.529,1004.3,26.7
2011-08-04,1:22:00,6.372,477.625,1004.3,26.7
2011-08-04,1:23:00,6.87,541.805,1004.3,26.7
2011-08-04,1:24:00,6.685,478.732,1004.3,26.7
2011-08-04,1:25:00,7.886,631.587,1004.3,26.7
2011-08-04,1:26:00,7.376,505.953,1004.3,26.7
2011-08-04,1:27:00,5.937,532.3,1004.3,26.7
2011-08-04,1:28:00,4.469,333.138,1004.3,26.7
2011-08-04,1:29:00,7.256,548.868,1004.3,26.7
2011-08-04,1:30:00,7.099,464.914,1004.3,26.7
2011-08-04,1:31:00,6.615,460.485,1004.3,26.7
2011-08-04,1:32:00,7.129,495.09,1004.3,26.7
2011-08-04,1:33:00,6.208,381.965,1004.3,26.7
2011-08-04,1:34:00,6.181,516.321,1004.3,26.7
2011-08-04,1:35:00,7.847,553.814,1004.3,26.7
2011-08-04,1:36:00,7.39,559.583,1004.3,26.7
2011-08-04,1:37:00,7.139,532.447,1004.3,26.7
2011-08-04,1:38:00,6.355,426.763,1004.3,26.7
2011-08-04,1:39:00,5.888,406.473,1004.3,26.7
2011-08-04,1:40:00,6.404,455.834,1004.3,26.7
2011-08-04,1:41:00,7.243,521.297,1004.3,26.7
2011-08-04,1:42:00,7.424,527.28,1004.3,26.7
2011-08-04,1:43:00,7.271,512.941,1004.3,26.7
2011-08-04,1:44:00,5.697,430.194,1004.3,26.7
2011-08-04,1:45:00,6.038,394.93,1004.3,26.7
2011-08-04,1:46:00,6.691,429.119,1004.3,26.7
2011-08-04,1:47:00,4.279,210.156,1004.3,26.7
2011-08-04,1:48:00,6.44,467.328,1004.3,26.7
2011-08-04,1:49:00,7.042,487.479,1004.3,26.7
2011-08-04,1:50:00,7.328,639.695,1004.3,26.7
2011-08-04,1:51:00,6.777,457.515,1004.3,26.7
2011-08-04,1:52:00,7.252,537.037,1004.3,26.7
2011-08-04,1:53:00,7.073,440.713,1004.3,26.7
2011-08-04,1:54:00,7.318,541.374,1004.3,26.7
2011-08-04,1:55:00,6.129,510.445,1004.3,26.7
2011-08-04,1:56:00,7.419,600.383,1004.3,26.7
2011-08-04,1:57:00,7.471,597.348,1004.3,26.7
2011-08-04,1:58:00,7.558,640.482,1004.3,26.7
2011-08-04,1:59:00,5.648,409.914,1004.3,26.7
2011-08-04,2:00:00,7.139,529.539,1004,26.6
2011-08-04,2:01:00,5.818,388.173,1004,26.6
2011-08-04,2:02:00,5.523,375.225,1004,26.6
2011-08-04,2:03:00,6.895,473.221,1004,26.6
2011-08-04,2:04:00,6.567,407.648,1004,26.6
2011-08-04,2:05:00,4.248,337.089,1004,26.6
2011-08-04,2:06:00,5.41,365.892,1004,26.6
2011-08-04,2:07:00,6.167,418.587,1004,26.6
2011-08-04,2:08:00,5.804,452.844,1004,26.6
2011-08-04,2:09:00,5.037,392.02,1004,26.6
2011-08-04,2:10:00,6.59,506.677,1004,26.6
2011-08-04,2:11:00,5.938,400.546,1004,26.6
2011-08-04,2:12:00,6.673,433.957,1004,26.6
2011-08-04,2:13:00,6.398,397.429,1004,26.6
2011-08-04,2:14:00,5.253,375.122,1004,26.6
2011-08-04,2:15:00,6.032,422.166,1004,26.6
2011-08-04,2:16:00,6.508,410.326,1004,26.6
2011-08-04,2:17:00,6.71,475.793,1004,26.6
2011-08-04,2:18:00,4.76,316.036,1004,26.6
2011-08-04,2:19:00,5.554,376.628,1004,26.6
2011-08-04,2:20:00,6.159,457.139,1004,26.6
2011-08-04,2:21:00,6.636,484.459,1004,26.6
2011-08-04,2:22:00,6.468,483.87,1004,26.6
2011-08-04,2:23:00,6.684,478.369,1004,26.6
2011-08-04,2:24:00,6.541,501.731,1004,26.6
2011-08-04,2:25:00,6.385,414.583,1004,26.6
2011-08-04,2:26:00,6.232,445.938,1004,26.6
2011-08-04,2:27:00,5.276,283.631,1004,26.6
2011-08-04,2:28:00,5.841,334.782,1004,26.6
2011-08-04,2:29:00,4.339,280.939,1004,26.6
2011-08-04,2:30:00,6.043,369.022,1004,26.6
2011-08-04,2:31:00,6.078,374.221,1004,26.6
2011-08-04,2:32:00,6.053,312.96,1004,26.6
2011-08-04,2:33:00,6.106,375.799,1004,26.6
2011-08-04,2:34:00,6.157,413.68,1004,26.6
2011-08-04,2:35:00,4.519,283.351,1004,26.6
2011-08-04,2:36:00,6.291,378.831,1004,26.6
2011-08-04,2:37:00,6.581,496.541,1004,26.6
2011-08-04,2:38:00,6.594,504.765,1004,26.6
2011-08-04,2:39:00,6.487,443.633,1004,26.6
2011-08-04,2:40:00,7.282,519.492,1004,26.6
2011-08-04,2:41:00,6.185,513.862,1004,26.6
2011-08-04,2:42:00,4.646,276.693,1004,26.6
2011-08-04,2:43:00,5.79,362.077,1004,26.6
2011-08-04,2:44:00,6.936,456.98,1004,26.6
2011-08-04,2:45:00,5.313,410.099,1004,26.6
2011-08-04,2:46:00,6.205,432.337,1004,26.6
2011-08-04,2:47:00,6.801,489.24,1004,26.6
2011-08-04,2:48:00,6.389,465.463,1004,26.6
2011-08-04,2:49:00,5.808,468.302,1004,26.6
2011-08-04,2:50:00,4.079,319.529,1004,26.6
2011-08-04,2:51:00,7.049,603.022,1004,26.6
2011-08-04,2:52:00,6.831,511.022,1004,26.6
2011-08-04,2:53:00,6.24,423.776,1004,26.6
2011-08-04,2:54:00,7.604,586.043,1004,26.6
2011-08-04,2:55:00,6.638,530.918,1004,26.6
2011-08-04,2:56:00,7.22,644.072,1004,26.6
2011-08-04,2:57:00,7.281,690.295,1004,26.6
2011-08-04,2:58:00,6.318,574.434,1004,26.6
2011-08-04,2:59:00,6.952,634.873,1004,26.6
2011-08-04,3:00:00,7.182,623.492,1004.1,26.7
2011-08-04,3:01:00,6.234,502.058,1004.1,26.7
2011-08-04,3:02:00,8.07,665.625,1004.1,26.7
2011-08-04,3:03:00,7.257,544.429,1004.1,26.7
2011-08-04,3:04:00,7.6,611.226,1004.1,26.7
2011-08-04,3:05:00,8.11,658.773,1004.1,26.7
2011-08-04,3:06:00,7.313,596.652,1004.1,26.7
2011-08-04,3:07:00,6.415,512.898,1004.1,26.7
2011-08-04,3:08:00,7.592,658.029,1004.1,26.7
2011-08-04,3:09:00,7.727,689.497,1004.1,26.7
2011-08-04,3:10:00,7.674,690.017,1004.1,26.7
2011-08-04,3:11:00,7.006,667.09,1004.1,26.7
2011-08-04,3:12:00,7.648,671.659,1004.1,26.7
2011-08-04,3:13:00,7.478,686.371,1004.1,26.7
2011-08-04,3:14:00,7.417,650.659,1004.1,26.7
2011-08-04,3:15:00,7.171,605.193,1004.1,26.7
2011-08-04,3:16:00,7.232,632.918,1004.1,26.7
2011-08-04,3:17:00,6.816,607.316,1004.1,26.7
2011-08-04,3:18:00,7.326,718.391,1004.1,26.7
2011-08-04,3:19:00,6.131,475.444,1004.1,26.7
2011-08-04,3:20:00,7.424,621.305,1004.1,26.7
2011-08-04,3:21:00,7.425,620.474,1004.1,26.7
2011-08-04,3:22:00,7.089,580.117,1004.1,26.7
2011-08-04,3:23:00,6.755,512.094,1004.1,26.7
2011-08-04,3:24:00,7.312,631.43,1004.1,26.7
2011-08-04,3:25:00,6.852,532.762,1004.1,26.7
2011-08-04,3:26:00,7.318,583.762,1004.1,26.7
2011-08-04,3:27:00,7.142,626.478,1004.1,26.7
2011-08-04,3:28:00,6.317,513.632,1004.1,26.7
2011-08-04,3:29:00,6.101,540.754,1004.1,26.7
2011-08-04,3:30:00,7.346,516.739,1004.1,26.7
2011-08-04,3:31:00,6.573,486.841,1004.1,26.7
2011-08-04,3:32:00,7.176,554.097,1004.1,26.7
2011-08-04,3:33:00,7.472,576.667,1004.1,26.7
2011-08-04,3:34:00,6.433,584.504,1004.1,26.7
2011-08-04,3:35:00,7.305,609.139,1004.1,26.7
2011-08-04,3:36:00,7.566,603.806,1004.1,26.7
2011-08-04,3:37:00,7.106,551.929,1004.1,26.7
2011-08-04,3:38:00,7.125,603.214,1004.1,26.7
2011-08-04,3:39:00,7.483,704.439,1004.1,26.7
2011-08-04,3:40:00,6.851,500.947,1004.1,26.7
2011-08-04,3:41:00,7.325,664.537,1004.1,26.7
2011-08-04,3:42:00,7.266,564.669,1004.1,26.7
2011-08-04,3:43:00,7.475,541.237,1004.1,26.7
2011-08-04,3:44:00,6.994,550.853,1004.1,26.7
2011-08-04,3:45:00,6.561,467.02,1004.1,26.7
2011-08-04,3:46:00,7.198,678.433,1004.1,26.7
2011-08-04,3:47:00,5.784,575.499,1004.1,26.7
2011-08-04,3:48:00,7.756,736.786,1004.1,26.7
2011-08-04,3:49:00,7.747,707.161,1004.1,26.7
2011-08-04,3:50:00,7.646,636.656,1004.1,26.7
2011-08-04,3:51:00,8.002,823.546,1004.1,26.7
2011-08-04,3:52:00,8.04,731.748,1004.1,26.7
2011-08-04,3:53:00,6.394,549.779,1004.1,26.7
2011-08-04,3:54:00,7.698,673.302,1004.1,26.7
2011-08-04,3:55:00,6.901,612.703,1004.1,26.7
2011-08-04,3:56:00,7.629,554.723,1004.1,26.7
2011-08-04,3:57:00,7.267,625.915,1004.1,26.7
2011-08-04,3:58:00,7.594,631.724,1004.1,26.7
2011-08-04,3:59:00,7.805,651.218,1004.1,26.7
2011-08-04,4:00:00,6.358,481.655,1004.1,26.6
2011-08-04,4:01:00,7.594,669.769,1004.1,26.6
2011-08-04,4:02:00,6.999,588.455,1004.1,26.6
2011-08-04,4:03:00,7.508,617.357,1004.1,26.6
2011-08-04,4:04:00,7.692,664.399,1004.1,26.6
2011-08-04,4:05:00,7.565,655.685,1004.1,26.6
2011-08-04,4:06:00,7.487,693.591,1004.1,26.6
2011-08-04,4:07:00,7.32,672.859,1004.1,26.6
2011-08-04,4:08:00,7.454,652.275,1004.1,26.6
2011-08-04,4:09:00,7.738,659.241,1004.1,26.6
2011-08-04,4:10:00,7.541,658.927,1004.1,26.6
2011-08-04,4:11:00,7.67,659.392,1004.1,26.6
2011-08-04,4:12:00,7.949,726.361,1004.1,26.6
2011-08-04,4:13:00,7.817,724.848,1004.1,26.6
2011-08-04,4:14:00,7.753,690.086,1004.1,26.6
2011-08-04,4:15:00,7.784,708.02,1004.1,26.6
2011-08-04,4:16:00,7.785,654.801,1004.1,26.6
2011-08-04,4:17:00,7.965,731.248,1004.1,26.6
2011-08-04,4:18:00,7.544,646.645,1004.1,26.6
2011-08-04,4:19:00,7.402,685.803,1004.1,26.6
2011-08-04,4:20:00,8.209,706.369,1004.1,26.6
2011-08-04,4:21:00,7.951,765.396,1004.1,26.6
2011-08-04,4:22:00,7.987,808.807,1004.1,26.6
2011-08-04,4:23:00,7.866,725.314,1004.1,26.6
2011-08-04,4:24:00,7.935,780.677,1004.1,26.6
2011-08-04,4:25:00,8.016,736.471,1004.1,26.6
2011-08-04,4:26:00,8.05,771.805,1004.1,26.6
2011-08-04,4:27:00,8.142,780.64,1004.1,26.6
2011-08-04,4:28:00,7.863,709.444,1004.1,26.6
2011-08-04,4:29:00,8.126,796.637,1004.1,26.6
2011-08-04,4:30:00,7.849,699.813,1004.1,26.6
2011-08-04,4:31:00,8,795.307,1004.1,26.6
2011-08-04,4:32:00,6.214,721.29,1004.1,26.6
2011-08-04,4:33:00,7.308,730.686,1004.1,26.6
2011-08-04,4:34:00,7.888,742.211,1004.1,26.6
2011-08-04,4:35:00,7.616,763.736,1004.1,26.6
2011-08-04,4:36:00,7.547,761.69,1004.1,26.6
2011-08-04,4:37:00,8.124,754.732,1004.1,26.6
2011-08-04,4:38:00,8.338,890.826,1004.1,26.6
2011-08-04,4:39:00,7.894,791.001,1004.1,26.6
2011-08-04,4:40:00,7.666,692.117,1004.1,26.6
2011-08-04,4:41:00,7.303,778.256,1004.1,26.6
2011-08-04,4:42:00,7.968,835.171,1004.1,26.6
2011-08-04,4:43:00,8.093,859.328,1004.1,26.6
2011-08-04,4:44:00,6.857,782.334,1004.1,26.6
2011-08-04,4:45:00,6.66,746.83,1004.1,26.6
2011-08-04,4:46:00,7.39,730.318,1004.1,26.6
2011-08-04,4:47:00,8.182,821.511,1004.1,26.6
2011-08-04,4:48:00,8.258,811.164,1004.1,26.6
2011-08-04,4:49:00,8.371,896.507,1004.1,26.6
2011-08-04,4:50:00,6.664,768.964,1004.1,26.6
2011-08-04,4:51:00,7.908,773.358,1004.1,26.6
2011-08-04,4:52:00,8.388,951.265,1004.1,26.6
2011-08-04,4:53:00,8.056,934.935,1004.1,26.6
2011-08-04,4:54:00,8.184,889.364,1004.1,26.6
2011-08-04,4:55:00,5.986,644.748,1004.1,26.6
2011-08-04,4:56:00,8.518,875.579,1004.1,26.6
2011-08-04,4:57:00,8.325,824.099,1004.1,26.6
2011-08-04,4:58:00,7.509,838.923,1004.1,26.6
2011-08-04,4:59:00,8.215,912.88,1004.1,26.6
2011-08-04,5:00:00,7.937,840.97,1003.8,26.6
2011-08-04,5:01:00,7.945,844.892,1003.8,26.6
2011-08-04,5:02:00,8.114,827.542,1003.8,26.6
2011-08-04,5:03:00,8.545,932.673,1003.8,26.6
2011-08-04,5:04:00,8.17,811.997,1003.8,26.6
2011-08-04,5:05:00,8.02,827.159,1003.8,26.6
2011-08-04,5:06:00,8.041,795.825,1003.8,26.6
2011-08-04,5:07:00,8.413,806.326,1003.8,26.6
2011-08-04,5:08:00,8.113,828.919,1003.8,26.6
2011-08-04,5:09:00,8.6,842.859,1003.8,26.6
2011-08-04,5:10:00,8.76,926.989,1003.8,26.6
2011-08-04,5:11:00,8.538,904.529,1003.8,26.6
2011-08-04,5:12:00,8.884,946.35,1003.8,26.6
2011-08-04,5:13:00,8.61,953.609,1003.8,26.6
2011-08-04,5:14:00,8.774,947.053,1003.8,26.6
2011-08-04,5:15:00,8.505,910.339,1003.8,26.6
2011-08-04,5:16:00,8.801,993.351,1003.8,26.6
2011-08-04,5:17:00,8.831,991.978,1003.8,26.6
2011-08-04,5:18:00,8.547,950.397,1003.8,26.6
2011-08-04,5:19:00,8.671,840.41,1003.8,26.6
2011-08-04,5:20:00,8.032,838.716,1003.8,26.6
2011-08-04,5:21:00,8.425,776.562,1003.8,26.6
2011-08-04,5:22:00,8.053,757.983,1003.8,26.6
2011-08-04,5:23:00,6.086,639.918,1003.8,26.6
2011-08-04,5:24:00,7.887,709.35,1003.8,26.6
2011-08-04,5:25:00,8.628,733.982,1003.8,26.6
2011-08-04,5:26:00,8.606,710.124,1003.8,26.6
2011-08-04,5:27:00,7.834,677.467,1003.8,26.6
2011-08-04,5:28:00,7.854,780.61,1003.8,26.6
2011-08-04,5:29:00,5.947,595.959,1003.8,26.6
2011-08-04,5:30:00,7.293,621.79,1003.8,26.6
2011-08-04,5:31:00,7.754,691.48,1003.8,26.6
2011-08-04,5:32:00,6.846,571.421,1003.8,26.6
2011-08-04,5:33:00,8.717,783.505,1003.8,26.6
2011-08-04,5:34:00,7.878,776.446,1003.8,26.6
2011-08-04,5:35:00,7.802,744.395,1003.8,26.6
2011-08-04,5:36:00,7.013,648.155,1003.8,26.6
2011-08-04,5:37:00,8.118,884.046,1003.8,26.6
2011-08-04,5:38:00,7.792,740.629,1003.8,26.6
2011-08-04,5:39:00,7.944,659.105,1003.8,26.6
2011-08-04,5:40:00,7.682,713.664,1003.8,26.6
2011-08-04,5:41:00,6.168,347.462,1003.8,26.6
2011-08-04,5:42:00,6.173,15.118,1003.8,26.6
2011-08-04,5:43:00,6.233,15.111,1003.8,26.6
2011-08-04,5:44:00,6.158,1507.954,1003.8,26.6
2011-08-04,5:45:00,8.107,636.847,1003.8,26.6
2011-08-04,5:46:00,7.129,674.134,1003.8,26.6
2011-08-04,5:47:00,6.972,627.698,1003.8,26.6
2011-08-04,5:48:00,7.737,638.336,1003.8,26.6
2011-08-04,5:49:00,7.468,622.065,1003.8,26.6
2011-08-04,5:50:00,8.241,603.604,1003.8,26.6
2011-08-04,5:51:00,7.648,650.339,1003.8,26.6
2011-08-04,5:52:00,7.418,674.36,1003.8,26.6
2011-08-04,5:53:00,7.356,704.798,1003.8,26.6
2011-08-04,5:54:00,8.101,668.22,1003.8,26.6
2011-08-04,5:55:00,7.521,731.448,1003.8,26.6
2011-08-04,5:56:00,8.072,821.653,1003.8,26.6
2011-08-04,5:57:00,7.811,684.144,1003.8,26.6
2011-08-04,5:58:00,7.335,523.779,1003.8,26.6
2011-08-04,5:59:00,7.331,727.519,1003.8,26.6
2011-08-04,6:00:00,7.91,748.682,1004,26.6
2011-08-04,6:01:00,7.84,705.157,1004,26.6
2011-08-04,6:02:00,7.54,582.163,1004,26.6
2011-08-04,6:03:00,5.715,536.966,1004,26.6
2011-08-04,6:04:00,7.904,701.792,1004,26.6
2011-08-04,6:05:00,8.121,822.404,1004,26.6
2011-08-04,6:06:00,7.755,819.673,1004,26.6
2011-08-04,6:07:00,8.027,825.78,1004,26.6
2011-08-04,6:08:00,8.332,871.667,1004,26.6
2011-08-04,6:09:00,6.786,727.637,1004,26.6
2011-08-04,6:10:00,8.117,828.481,1004,26.6
2011-08-04,6:11:00,7.228,772.438,1004,26.6
2011-08-04,6:12:00,7.999,822.907,1004,26.6
2011-08-04,6:13:00,7.648,745.148,1004,26.6
2011-08-04,6:14:00,8.114,765.339,1004,26.6
2011-08-04,6:15:00,7.391,675.774,1004,26.6
2011-08-04,6:16:00,6.43,524.027,1004,26.6
2011-08-04,6:17:00,7.886,643.763,1004,26.6
2011-08-04,6:18:00,5.608,455.508,1004,26.6
2011-08-04,6:19:00,7.74,650.858,1004,26.6
2011-08-04,6:20:00,5.802,439.111,1004,26.6
2011-08-04,6:21:00,7.497,528.387,1004,26.6
2011-08-04,6:22:00,6.11,514.173,1004,26.6
2011-08-04,6:23:00,6.305,471.649,1004,26.6
2011-08-04,6:24:00,7.164,628.467,1004,26.6
2011-08-04,6:25:00,8.039,735.346,1004,26.6
2011-08-04,6:26:00,8.138,715.467,1004,26.6
2011-08-04,6:27:00,7.567,610.187,1004,26.6
2011-08-04,6:28:00,5.396,573.247,1004,26.6
2011-08-04,6:29:00,8.349,766.956,1004,26.6
2011-08-04,6:30:00,7.378,570.54,1004,26.6
2011-08-04,6:31:00,7.985,699.684,1004,26.6
2011-08-04,6:32:00,7.197,740.4,1004,26.6
2011-08-04,6:33:00,7.136,670.931,1004,26.6
2011-08-04,6:34:00,8.157,672.488,1004,26.6
2011-08-04,6:35:00,7.208,689.443,1004,26.6
2011-08-04,6:36:00,7.802,936.798,1004,26.6
2011-08-04,6:37:00,6.89,713.586,1004,26.6
2011-08-04,6:38:00,5.788,440.363,1004,26.6
2011-08-04,6:39:00,7.725,776.67,1004,26.6
2011-08-04,6:40:00,7.155,490.547,1004,26.6
2011-08-04,6:41:00,8.345,762.784,1004,26.6
2011-08-04,6:42:00,9.245,1005.944,1004,26.6
2011-08-04,6:43:00,7.517,635.443,1004,26.6
2011-08-04,6:44:00,7.013,638.09,1004,26.6
2011-08-04,6:45:00,5.282,464.485,1004,26.6
2011-08-04,6:46:00,5.339,404.039,1004,26.6
2011-08-04,6:47:00,7.642,607.286,1004,26.6
2011-08-04,6:48:00,5.908,577.62,1004,26.6
2011-08-04,6:49:00,7.655,650.525,1004,26.6
2011-08-04,6:50:00,7.249,729.779,1004,26.6
2011-08-04,6:51:00,5.392,495.218,1004,26.6
2011-08-04,6:52:00,7.454,668.362,1004,26.6
2011-08-04,6:53:00,6.495,665.857,1004,26.6
2011-08-04,6:54:00,7.627,519.233,1004,26.6
2011-08-04,6:55:00,7.177,678.671,1004,26.6
2011-08-04,6:56:00,6.502,688.673,1004,26.6
2011-08-04,6:57:00,7.358,511.548,1004,26.6
2011-08-04,6:58:00,6.826,651.039,1004,26.6
2011-08-04,6:59:00,4.763,425.546,1004,26.6
2011-08-04,7:00:00,7.837,820.418,1004,27.5
2011-08-04,7:01:00,7.811,723.138,1004.3,27.5
2011-08-04,7:02:00,6.857,792.858,1004.3,27.5
2011-08-04,7:03:00,8.211,882.562,1004.3,27.5
2011-08-04,7:04:00,7.998,990.01,1004.3,27.5
2011-08-04,7:05:00,6.582,688.464,1004.3,27.5
2011-08-04,7:06:00,5.524,529.416,1004.3,27.5
2011-08-04,7:07:00,7.676,681.212,1004.3,27.5
2011-08-04,7:08:00,5.903,605.4,1004.3,27.5
2011-08-04,7:09:00,8.343,970.572,1004.3,27.5
2011-08-04,7:10:00,8.616,1033.023,1004.3,27.5
2011-08-04,7:11:00,5.725,581.624,1004.3,27.5
2011-08-04,7:12:00,6.99,782.403,1004.3,27.5
2011-08-04,7:13:00,7.212,789.123,1004.3,27.5
2011-08-04,7:14:00,7.388,671.46,1004.3,27.5
2011-08-04,7:15:00,7.65,764.12,1004.3,27.5
2011-08-04,7:16:00,5.614,499.959,1004.3,27.5
2011-08-04,7:17:00,7.753,637.396,1004.3,27.5
2011-08-04,7:18:00,4.648,316.563,1004.3,27.5
2011-08-04,7:19:00,7.882,670.657,1004.3,27.5
2011-08-04,7:20:00,7.209,651.757,1004.3,27.5
2011-08-04,7:21:00,5.711,690.03,1004.3,27.5
2011-08-04,7:22:00,8.5,590.429,1004.3,27.5
2011-08-04,7:23:00,8.338,735.196,1004.3,27.5
2011-08-04,7:24:00,7.772,674.957,1004.3,27.5
2011-08-04,7:25:00,8.886,772.437,1004.3,27.5
2011-08-04,7:26:00,8.064,813.565,1004.3,27.5
2011-08-04,7:27:00,8.858,896.887,1004.3,27.5
2011-08-04,7:28:00,5.471,501.82,1004.3,27.5
2011-08-04,7:29:00,7.596,882.978,1004.3,27.5
2011-08-04,7:30:00,8.132,856.773,1004.3,27.5
2011-08-04,7:31:00,6.518,542.539,1004.3,27.5
2011-08-04,7:32:00,8.482,815.455,1004.3,27.5
2011-08-04,7:33:00,8.445,747.08,1004.3,27.5
2011-08-04,7:34:00,7.701,746.907,1004.3,27.5
2011-08-04,7:35:00,7.997,855.406,1004.3,27.5
2011-08-04,7:36:00,7.997,835.198,1004.3,27.5
2011-08-04,7:37:00,7.905,735.529,1004.3,27.5
2011-08-04,7:38:00,8.579,972.212,1004.3,27.5
2011-08-04,7:39:00,7.257,782.261,1004.3,27.5
2011-08-04,7:40:00,7.812,892.606,1004.3,27.5
2011-08-04,7:41:00,7.759,963.004,1004.3,27.5
2011-08-04,7:42:00,7.992,821.544,1004.3,27.5
2011-08-04,7:43:00,7.983,884.182,1004.3,27.5
2011-08-04,7:44:00,6.15,800.059,1004.3,27.5
2011-08-04,7:45:00,9.274,1109.156,1004.3,27.5
2011-08-04,7:46:00,8.989,986.004,1004.3,27.5
2011-08-04,7:47:00,8.172,917.136,1004.3,27.5
2011-08-04,7:48:00,7.808,879.607,1004.3,27.5
2011-08-04,7:49:00,7.187,765.84,1004.3,27.5
2011-08-04,7:50:00,6.525,791.938,1004.3,27.5
2011-08-04,7:51:00,8.802,1195.455,1004.3,27.5
2011-08-04,7:52:00,7.421,897.812,1004.3,27.5
2011-08-04,7:53:00,8.487,1007.356,1004.3,27.5
2011-08-04,7:54:00,7.266,711.289,1004.3,27.5
2011-08-04,7:55:00,8.498,809.255,1004.3,27.5
2011-08-04,7:56:00,6.966,716.37,1004.3,27.5
2011-08-04,7:57:00,7.451,668.135,1004.3,27.5
2011-08-04,7:58:00,7.731,737.858,1004.3,27.5
2011-08-04,7:59:00,7.938,787.527,1004.3,27.5
2011-08-04,8:00:00,6.779,665.805,1004.3,28.9
2011-08-04,8:01:00,7.907,673.817,1004.3,28.9
2011-08-04,8:02:00,5.542,472.459,1004.3,28.9
2011-08-04,8:03:00,8.398,881.576,1004.3,28.9
2011-08-04,8:04:00,8.38,761.759,1004.3,28.9
2011-08-04,8:05:00,6.945,684.273,1004.3,28.9
2011-08-04,8:06:00,8.46,678.246,1004.3,28.9
2011-08-04,8:07:00,8.573,780.603,1004.3,28.9
2011-08-04,8:08:00,7.85,751.981,1004.3,28.9
2011-08-04,8:09:00,7.004,684.68,1004.3,28.9
2011-08-04,8:10:00,8.575,853.715,1004.3,28.9
2011-08-04,8:11:00,6.728,552.004,1004.3,28.9
2011-08-04,8:12:00,6.901,732.4,1004.3,28.9
2011-08-04,8:13:00,6.965,814.304,1004.3,28.9
2011-08-04,8:14:00,7.84,806.794,1004.3,28.9
2011-08-04,8:15:00,8.11,1000.969,1004.3,28.9
2011-08-04,8:16:00,8.079,1042.273,1004.3,28.9
2011-08-04,8:17:00,7.472,855.571,1004.3,28.9
2011-08-04,8:18:00,8.117,922.16,1004.3,28.9
2011-08-04,8:19:00,7.06,812.812,1004.3,28.9
2011-08-04,8:20:00,7.21,793.854,1004.3,28.9
2011-08-04,8:21:00,7.048,806.099,1004.3,28.9
2011-08-04,8:22:00,7.401,644.479,1004.3,28.9
2011-08-04,8:23:00,6.965,561.695,1004.3,28.9
2011-08-04,8:24:00,6.61,604.157,1004.3,28.9
2011-08-04,8:25:00,7.27,700.664,1004.3,28.9
2011-08-04,8:26:00,7.457,678.024,1004.3,28.9
2011-08-04,8:27:00,7.277,750.052,1004.3,28.9
2011-08-04,8:28:00,7.479,748.14,1004.3,28.9
2011-08-04,8:29:00,6.508,747.319,1004.3,28.9
2011-08-04,8:30:00,7.187,663.45,1004.3,28.9
2011-08-04,8:31:00,6.55,525.393,1004.3,28.9
2011-08-04,8:32:00,6.622,609.129,1004.3,28.9
2011-08-04,8:33:00,6.246,456.615,1004.3,28.9
2011-08-04,8:34:00,6.162,357.179,1004.3,28.9
2011-08-04,8:35:00,5.939,342.087,1004.3,28.9
2011-08-04,8:36:00,5.362,357.693,1004.3,28.9
2011-08-04,8:37:00,4.802,284.118,1004.3,28.9
2011-08-04,8:38:00,4.369,200.635,1004.3,28.9
2011-08-04,8:39:00,2.859,1507.928,1004.3,28.9
2011-08-04,8:40:00,3.498,15.113,1004.3,28.9
2011-08-04,8:41:00,2.451,15.105,1004.3,28.9
2011-08-04,8:42:00,2.446,15.128,1004.3,28.9
2011-08-04,8:43:00,3.505,15.121,1004.3,28.9
2011-08-04,8:44:00,3.777,15.127,1004.3,28.9
2011-08-04,8:45:00,2.02,15.114,1004.3,28.9
2011-08-04,8:46:00,2.17,15.113,1004.3,28.9
2011-08-04,8:47:00,1.487,15.112,1004.3,28.9
2011-08-04,8:48:00,1.884,15.104,1004.3,28.9
2011-08-04,8:49:00,1.8,15.126,1004.3,28.9
2011-08-04,8:50:00,1.096,15.137,1004.3,28.9
2011-08-04,8:51:00,1.849,15.13,1004.3,28.9
2011-08-04,8:52:00,2.194,15.14,1004.3,28.9
2011-08-04,8:53:00,1.226,15.144,1004.3,28.9
2011-08-04,8:54:00,1.546,15.14,1004.3,28.9
2011-08-04,8:55:00,2.807,15.151,1004.3,28.9
2011-08-04,8:56:00,2.778,15.135,1004.3,28.9
2011-08-04,8:57:00,3.069,15.147,1004.3,28.9
2011-08-04,8:58:00,2.622,15.14,1004.3,28.9
2011-08-04,8:59:00,1.926,15.138,1004.3,28.9
2011-08-04,9:00:00,2.117,15.137,1003.9,29.4
2011-08-04,9:01:00,1.709,15.144,1003.9,29.4
2011-08-04,9:02:00,2.837,15.129,1003.9,29.4
2011-08-04,9:03:00,3.621,15.128,1003.9,29.4
2011-08-04,9:04:00,3.451,15.083,1003.9,29.4
2011-08-04,9:05:00,2.416,15.115,1003.9,29.4
2011-08-04,9:06:00,3.341,15.112,1003.9,29.4
2011-08-04,9:07:00,2.421,15.108,1003.9,29.4
2011-08-04,9:08:00,2.339,15.099,1003.9,29.4
2011-08-04,9:09:00,3.157,15.157,1003.9,29.4
2011-08-04,9:10:00,2.385,15.145,1003.9,29.4
2011-08-04,9:11:00,2.56,15.136,1003.9,29.4
2011-08-04,9:12:00,2.676,15.073,1003.9,29.4
2011-08-04,9:13:00,3.124,15.133,1003.9,29.4
2011-08-04,9:14:00,3.021,15.154,1003.9,29.4
2011-08-04,9:15:00,3.082,15.132,1003.9,29.4
2011-08-04,9:16:00,3.365,15.159,1003.9,29.4
2011-08-04,9:17:00,3.139,15.141,1003.9,29.4
2011-08-04,9:18:00,3.702,15.119,1003.9,29.4
2011-08-04,9:19:00,3.965,15.137,1003.9,29.4
2011-08-04,9:20:00,3.757,15.143,1003.9,29.4
2011-08-04,9:21:00,2.31,15.118,1003.9,29.4
2011-08-04,9:22:00,3.609,15.138,1003.9,29.4
2011-08-04,9:23:00,3.698,15.136,1003.9,29.4
2011-08-04,9:24:00,3.548,15.143,1003.9,29.4
2011-08-04,9:25:00,4.026,15.15,1003.9,29.4
2011-08-04,9:26:00,4.15,128.066,1003.9,29.4
2011-08-04,9:27:00,4.14,108.874,1003.9,29.4
2011-08-04,9:28:00,3.594,111.693,1003.9,29.4
2011-08-04,9:29:00,3.959,109.848,1003.9,29.4
2011-08-04,9:30:00,4.029,89.616,1003.9,29.4
2011-08-04,9:31:00,4.03,78.393,1003.9,29.4
2011-08-04,9:32:00,4.309,96.11,1003.9,29.4
2011-08-04,9:33:00,3.98,84.378,1003.9,29.4
2011-08-04,9:34:00,3.674,98.781,1003.9,29.4
2011-08-04,9:35:00,3.67,94.282,1003.9,29.4
2011-08-04,9:36:00,3.987,98.925,1003.9,29.4
2011-08-04,9:37:00,3.588,93.198,1003.9,29.4
2011-08-04,9:38:00,4.564,131.37,1003.9,29.4
2011-08-04,9:39:00,4.5,156.969,1003.9,29.4
2011-08-04,9:40:00,4.282,165.191,1003.9,29.4
2011-08-04,9:41:00,4.066,138.721,1003.9,29.4
2011-08-04,9:42:00,4.393,125.463,1003.9,29.4
2011-08-04,9:43:00,3.508,92.31,1003.9,29.4
2011-08-04,9:44:00,3.183,82.134,1003.9,29.4
2011-08-04,9:45:00,3.903,70.806,1003.9,29.4
2011-08-04,9:46:00,3.123,43.988,1003.9,29.4
2011-08-04,9:47:00,2.312,24.645,1003.9,29.4
2011-08-04,9:48:00,2.227,15.103,1003.9,29.4
2011-08-04,9:49:00,2.459,15.114,1003.9,29.4
2011-08-04,9:50:00,2.808,15.093,1003.9,29.4
2011-08-04,9:51:00,2.322,15.124,1003.9,29.4
2011-08-04,9:52:00,2.116,15.142,1003.9,29.4
2011-08-04,9:53:00,2.654,15.144,1003.9,29.4
2011-08-04,9:54:00,3.1,15.139,1003.9,29.4
2011-08-04,9:55:00,3.278,15.137,1003.9,29.4
2011-08-04,9:56:00,3.121,15.133,1003.9,29.4
2011-08-04,9:57:00,3.624,15.127,1003.9,29.4
2011-08-04,9:58:00,3.981,15.106,1003.9,29.4
2011-08-04,9:59:00,4.109,15.11,1003.9,29.4
2011-08-04,10:00:00,3.821,111.214,1003.9,30.3
2011-08-04,10:01:00,3.163,53.677,1003.9,30.3
2011-08-04,10:02:00,2.847,26.744,1003.9,30.3
2011-08-04,10:03:00,2.427,1507.916,1003.9,30.3
2011-08-04,10:04:00,1.869,1507.897,1003.9,30.3
2011-08-04,10:05:00,3.035,15.098,1003.9,30.3
2011-08-04,10:06:00,3.373,15.084,1003.9,30.3
2011-08-04,10:07:00,3.42,15.107,1003.9,30.3
2011-08-04,10:08:00,3.305,15.098,1003.9,30.3
2011-08-04,10:09:00,3.911,15.147,1003.9,30.3
2011-08-04,10:10:00,4.087,15.127,1003.9,30.3
2011-08-04,10:11:00,4.378,122.616,1003.9,30.3
2011-08-04,10:12:00,3.592,81.756,1003.9,30.3
2011-08-04,10:13:00,3.78,88.674,1003.9,30.3
2011-08-04,10:14:00,3.844,50.591,1003.9,30.3
2011-08-04,10:15:00,3.693,62.257,1003.9,30.3
2011-08-04,10:16:00,3.16,42.06,1003.9,30.3
2011-08-04,10:17:00,3.389,23.803,1003.9,30.3
2011-08-04,10:18:00,3.557,33.292,1003.9,30.3
2011-08-04,10:19:00,2.816,39.487,1003.9,30.3
2011-08-04,10:20:00,3.526,34.424,1003.9,30.3
2011-08-04,10:21:00,3.215,30.254,1003.9,30.3
2011-08-04,10:22:00,3.139,45.376,1003.9,30.3
2011-08-04,10:23:00,3.877,64.45,1003.9,30.3
2011-08-04,10:24:00,4.107,80.736,1003.9,30.3
2011-08-04,10:25:00,3.778,95.554,1003.9,30.3
2011-08-04,10:26:00,3.771,97.108,1003.9,30.3
2011-08-04,10:27:00,4.078,98.804,1003.9,30.3
2011-08-04,10:28:00,2.742,53.269,1003.9,30.3
2011-08-04,10:29:00,3.318,64.819,1003.9,30.3
2011-08-04,10:30:00,3.173,41.03,1003.9,30.3
2011-08-04,10:31:00,3.407,49.288,1003.9,30.3
2011-08-04,10:32:00,3.516,53.7,1003.9,30.3
2011-08-04,10:33:00,3.368,46.636,1003.9,30.3
2011-08-04,10:34:00,3.779,51.052,1003.9,30.3
2011-08-04,10:35:00,3.529,54.333,1003.9,30.3
2011-08-04,10:36:00,2.805,44.2,1003.9,30.3
2011-08-04,10:37:00,3.575,62.581,1003.9,30.3
2011-08-04,10:38:00,3.268,63.883,1003.9,30.3
2011-08-04,10:39:00,3.009,58.988,1003.9,30.3
2011-08-04,10:40:00,3.363,61.708,1003.9,30.3
2011-08-04,10:41:00,3.701,72.827,1003.9,30.3
2011-08-04,10:42:00,3.476,44.701,1003.9,30.3
2011-08-04,10:43:00,3.502,56.229,1003.9,30.3
2011-08-04,10:44:00,3.244,63.457,1003.9,30.3
2011-08-04,10:45:00,3.198,46.894,1003.9,30.3
2011-08-04,10:46:00,3.242,45.101,1003.9,30.3
2011-08-04,10:47:00,3.48,34.484,1003.9,30.3
2011-08-04,10:48:00,3.254,34.248,1003.9,30.3
2011-08-04,10:49:00,3.196,31.188,1003.9,30.3
2011-08-04,10:50:00,3.004,34.793,1003.9,30.3
2011-08-04,10:51:00,2.928,48.763,1003.9,30.3
2011-08-04,10:52:00,3.021,49.286,1003.9,30.3
2011-08-04,10:53:00,3.184,54.01,1003.9,30.3
2011-08-04,10:54:00,3.728,63.109,1003.9,30.3
2011-08-04,10:55:00,3.698,72.228,1003.9,30.3
2011-08-04,10:56:00,3.939,60.129,1003.9,30.3
2011-08-04,10:57:00,3.61,74.558,1003.9,30.3
2011-08-04,10:58:00,3.331,45.109,1003.9,30.3
2011-08-04,10:59:00,3.256,37.702,1003.9,30.3
2011-08-04,11:00:00,2.797,25.634,1004.5,30.5
2011-08-04,11:01:00,3.269,1507.896,1004.5,30.5
2011-08-04,11:02:00,2.384,15.101,1004.5,30.5
2011-08-04,11:03:00,1.94,15.087,1004.5,30.5
2011-08-04,11:04:00,1.376,15.108,1004.5,30.5
2011-08-04,11:05:00,1.622,15.114,1004.5,30.5
2011-08-04,11:06:00,1.746,15.119,1004.5,30.5
2011-08-04,11:07:00,1.964,15.14,1004.5,30.5
2011-08-04,11:08:00,2.249,15.151,1004.5,30.5
2011-08-04,11:09:00,2.615,15.119,1004.5,30.5
2011-08-04,11:10:00,2.75,15.159,1004.5,30.5
2011-08-04,11:11:00,2.752,15.145,1004.5,30.5
2011-08-04,11:12:00,2.92,15.15,1004.5,30.5
2011-08-04,11:13:00,2.528,15.143,1004.5,30.5
2011-08-04,11:14:00,2.481,15.13,1004.5,30.5
2011-08-04,11:15:00,3.379,15.138,1004.5,30.5
2011-08-04,11:16:00,2.836,15.163,1004.5,30.5
2011-08-04,11:17:00,3.121,15.13,1004.5,30.5
2011-08-04,11:18:00,3.14,15.143,1004.5,30.5
2011-08-04,11:19:00,2.905,15.146,1004.5,30.5
2011-08-04,11:20:00,2.529,15.141,1004.5,30.5
2011-08-04,11:21:00,2.076,15.15,1004.5,30.5
2011-08-04,11:22:00,2.659,15.153,1004.5,30.5
2011-08-04,11:23:00,4.76,15.142,1004.5,30.5
2011-08-04,11:24:00,4.881,15.126,1004.5,30.5
2011-08-04,11:25:00,5.417,15.127,1004.5,30.5
2011-08-04,11:26:00,3.605,15.127,1004.5,30.5
2011-08-04,11:27:00,3.095,15.138,1004.5,30.5
2011-08-04,11:28:00,3.414,15.134,1004.5,30.5
2011-08-04,11:29:00,3.569,15.126,1004.5,30.5
2011-08-04,11:30:00,3.713,15.112,1004.5,30.5
2011-08-04,11:31:00,2.716,15.109,1004.5,30.5
2011-08-04,11:32:00,1.731,15.094,1004.5,30.5
2011-08-04,11:33:00,3.579,15.124,1004.5,30.5
2011-08-04,11:34:00,3.144,15.167,1004.5,30.5
2011-08-04,11:35:00,3.579,15.147,1004.5,30.5
2011-08-04,11:36:00,1.573,15.138,1004.5,30.5
2011-08-04,11:37:00,3.223,15.135,1004.5,30.5
2011-08-04,11:38:00,2.624,1507.99,1004.5,30.5
2011-08-04,11:39:00,3.883,116.047,1004.5,30.5
2011-08-04,11:40:00,3.605,86.844,1004.5,30.5
2011-08-04,11:41:00,4.509,137.783,1004.5,30.5
2011-08-04,11:42:00,4.748,185.478,1004.5,30.5
2011-08-04,11:43:00,5.435,242.059,1004.5,30.5
2011-08-04,11:44:00,4.854,219.142,1004.5,30.5
2011-08-04,11:45:00,4.104,159.189,1004.5,30.5
2011-08-04,11:46:00,3.591,76.392,1004.5,30.5
2011-08-04,11:47:00,3.365,57.854,1004.5,30.5
2011-08-04,11:48:00,3.293,65.956,1004.5,30.5
2011-08-04,11:49:00,3.886,99.512,1004.5,30.5
2011-08-04,11:50:00,3.501,90.874,1004.5,30.5
2011-08-04,11:51:00,5.083,153.273,1004.5,30.5
2011-08-04,11:52:00,5.43,171.946,1004.5,30.5
2011-08-04,11:53:00,5.671,196.121,1004.5,30.5
2011-08-04,11:54:00,4.973,220.13,1004.5,30.5
2011-08-04,11:55:00,5.065,202.306,1004.5,30.5
2011-08-04,11:56:00,4.663,169.291,1004.5,30.5
2011-08-04,11:57:00,5.311,199.423,1004.5,30.5
2011-08-04,11:58:00,4.563,156.33,1004.5,30.5
2011-08-04,11:59:00,3.899,123.444,1004.5,30.5
2011-08-04,12:00:00,4.589,126.182,1004.5,29.8
2011-08-04,12:01:00,4.405,122.236,1004.3,29.8
2011-08-04,12:02:00,3.988,81.441,1004.3,29.8
2011-08-04,12:03:00,3.746,73.377,1004.3,29.8
2011-08-04,12:04:00,4.257,91.147,1004.3,29.8
2011-08-04,12:05:00,4.034,89.222,1004.3,29.8
2011-08-04,12:06:00,3.761,82.022,1004.3,29.8
2011-08-04,12:07:00,4.15,92.007,1004.3,29.8
2011-08-04,12:08:00,3.721,102.108,1004.3,29.8
2011-08-04,12:09:00,3.79,105.297,1004.3,29.8
2011-08-04,12:10:00,4.336,118.726,1004.3,29.8
2011-08-04,12:11:00,4.528,143.573,1004.3,29.8
2011-08-04,12:12:00,4.801,145.512,1004.3,29.8
2011-08-04,12:13:00,4.973,168.248,1004.3,29.8
2011-08-04,12:14:00,4.566,165.787,1004.3,29.8
2011-08-04,12:15:00,5.262,202.305,1004.3,29.8
2011-08-04,12:16:00,5.289,217.96,1004.3,29.8
2011-08-04,12:17:00,6.045,306.495,1004.3,29.8
2011-08-04,12:18:00,5.824,305.153,1004.3,29.8
2011-08-04,12:19:00,5.64,262.139,1004.3,29.8
2011-08-04,12:20:00,5.438,235.217,1004.3,29.8
2011-08-04,12:21:00,5.407,268.114,1004.3,29.8
2011-08-04,12:22:00,5.299,258.417,1004.3,29.8
2011-08-04,12:23:00,6.132,338.64,1004.3,29.8
2011-08-04,12:24:00,5.415,229.468,1004.3,29.8
2011-08-04,12:25:00,6.245,332.396,1004.3,29.8
2011-08-04,12:26:00,6.226,331.534,1004.3,29.8
2011-08-04,12:27:00,6.102,314.376,1004.3,29.8
2011-08-04,12:28:00,5.935,299.678,1004.3,29.8
2011-08-04,12:29:00,5.658,261.319,1004.3,29.8
2011-08-04,12:30:00,5.26,262.155,1004.3,29.8
2011-08-04,12:31:00,5.459,249.552,1004.3,29.8
2011-08-04,12:32:00,5.448,211.183,1004.3,29.8
2011-08-04,12:33:00,5.337,223.564,1004.3,29.8
2011-08-04,12:34:00,5.072,203.755,1004.3,29.8
2011-08-04,12:35:00,5.332,204.245,1004.3,29.8
2011-08-04,12:36:00,5.224,208.712,1004.3,29.8
2011-08-04,12:37:00,4.858,206.167,1004.3,29.8
2011-08-04,12:38:00,5.49,263.925,1004.3,29.8
2011-08-04,12:39:00,6.251,361.674,1004.3,29.8
2011-08-04,12:40:00,5.884,369.243,1004.3,29.8
2011-08-04,12:41:00,6.121,394.128,1004.3,29.8
2011-08-04,12:42:00,6.513,440.648,1004.3,29.8
2011-08-04,12:43:00,6.346,421.12,1004.3,29.8
2011-08-04,12:44:00,6.587,428.919,1004.3,29.8
2011-08-04,12:45:00,6.346,399.578,1004.3,29.8
2011-08-04,12:46:00,6.192,404.986,1004.3,29.8
2011-08-04,12:47:00,6.481,426.139,1004.3,29.8
2011-08-04,12:48:00,5.924,390.647,1004.3,29.8
2011-08-04,12:49:00,5.38,301.447,1004.3,29.8
2011-08-04,12:50:00,5.686,317.143,1004.3,29.8
2011-08-04,12:51:00,5.581,278.946,1004.3,29.8
2011-08-04,12:52:00,5.177,290.718,1004.3,29.8
2011-08-04,12:53:00,4.383,191.549,1004.3,29.8
2011-08-04,12:54:00,3.662,111.393,1004.3,29.8
2011-08-04,12:55:00,5.773,292.986,1004.3,29.8
2011-08-04,12:56:00,5.243,253.276,1004.3,29.8
2011-08-04,12:57:00,5.262,258.65,1004.3,29.8
2011-08-04,12:58:00,5.415,271.041,1004.3,29.8
2011-08-04,12:59:00,5.704,283.672,1004.3,29.8
2011-08-04,13:00:00,5.07,210.034,1004.3,29.9
2011-08-04,13:01:00,4.849,163.188,1003.5,29.9
2011-08-04,13:02:00,5.381,187.747,1003.5,29.9
2011-08-04,13:03:00,5.124,213.842,1003.5,29.9
2011-08-04,13:04:00,6.067,318.453,1003.5,29.9
2011-08-04,13:05:00,5.683,282.435,1003.5,29.9
2011-08-04,13:06:00,4.984,253.611,1003.5,29.9
2011-08-04,13:07:00,4.681,230.96,1003.5,29.9
2011-08-04,13:08:00,5.153,214.844,1003.5,29.9
2011-08-04,13:09:00,4.746,179.872,1003.5,29.9
2011-08-04,13:10:00,4.981,146.662,1003.5,29.9
2011-08-04,13:11:00,4.878,144.855,1003.5,29.9
2011-08-04,13:12:00,5.225,175.868,1003.5,29.9
2011-08-04,13:13:00,4.687,181.654,1003.5,29.9
2011-08-04,13:14:00,5.125,179.87,1003.5,29.9
2011-08-04,13:15:00,4.719,252.544,1003.5,29.9
2011-08-04,13:16:00,4.438,147.544,1003.5,29.9
2011-08-04,13:17:00,4.677,195.681,1003.5,29.9
2011-08-04,13:18:00,4.649,214.393,1003.5,29.9
2011-08-04,13:19:00,5.48,197.587,1003.5,29.9
2011-08-04,13:20:00,3.79,128.04,1003.5,29.9
2011-08-04,13:21:00,3.833,125.932,1003.5,29.9
2011-08-04,13:22:00,4.037,155.199,1003.5,29.9
2011-08-04,13:23:00,3.357,120.472,1003.5,29.9
2011-08-04,13:24:00,3.477,79.912,1003.5,29.9
2011-08-04,13:25:00,2.843,28.913,1003.5,29.9
2011-08-04,13:26:00,2.386,15.085,1003.5,29.9
2011-08-04,13:27:00,2.109,15.087,1003.5,29.9
2011-08-04,13:28:00,1.865,15.08,1003.5,29.9
2011-08-04,13:29:00,1.707,15.095,1003.5,29.9
2011-08-04,13:30:00,0.816,15.089,1003.5,29.9
2011-08-04,13:31:00,1.107,15.075,1003.5,29.9
2011-08-04,13:32:00,2.147,15.105,1003.5,29.9
2011-08-04,13:33:00,2.209,15.084,1003.5,29.9
2011-08-04,13:34:00,2.364,15.083,1003.5,29.9
2011-08-04,13:35:00,3.614,15.099,1003.5,29.9
2011-08-04,13:36:00,2.265,15.091,1003.5,29.9
2011-08-04,13:37:00,2.781,15.095,1003.5,29.9
2011-08-04,13:38:00,3.002,15.075,1003.5,29.9
2011-08-04,13:39:00,1.901,15.097,1003.5,29.9
2011-08-04,13:40:00,3.084,15.087,1003.5,29.9
2011-08-04,13:41:00,2.728,15.126,1003.5,29.9
2011-08-04,13:42:00,2.41,15.133,1003.5,29.9
2011-08-04,13:43:00,3.638,15.112,1003.5,29.9
2011-08-04,13:44:00,2.47,15.129,1003.5,29.9
2011-08-04,13:45:00,2.86,15.139,1003.5,29.9
2011-08-04,13:46:00,3.929,15.126,1003.5,29.9
2011-08-04,13:47:00,3.865,15.133,1003.5,29.9
2011-08-04,13:48:00,4.613,15.154,1003.5,29.9
2011-08-04,13:49:00,3.729,15.184,1003.5,29.9
2011-08-04,13:50:00,3.607,15.118,1003.5,29.9
2011-08-04,13:51:00,3.6,15.12,1003.5,29.9
2011-08-04,13:52:00,3.682,15.132,1003.5,29.9
2011-08-04,13:53:00,4.474,15.127,1003.5,29.9
2011-08-04,13:54:00,4.879,15.12,1003.5,29.9
2011-08-04,13:55:00,4.006,15.131,1003.5,29.9
2011-08-04,13:56:00,4.485,15.143,1003.5,29.9
2011-08-04,13:57:00,4.594,15.118,1003.5,29.9
2011-08-04,13:58:00,3.698,15.117,1003.5,29.9
2011-08-04,13:59:00,3.928,15.147,1003.5,29.9
2011-08-04,14:00:00,3.765,15.132,1003.5,29.9
2011-08-04,14:01:00,4.068,15.146,1003.4,29.9
2011-08-04,14:02:00,3.662,15.124,1003.4,29.9
2011-08-04,14:03:00,3.279,15.103,1003.4,29.9
2011-08-04,14:04:00,3.818,15.105,1003.4,29.9
2011-08-04,14:05:00,3.435,15.097,1003.4,29.9
2011-08-04,14:06:00,3.321,15.108,1003.4,29.9
2011-08-04,14:07:00,4.388,15.117,1003.4,29.9
2011-08-04,14:08:00,3.518,15.12,1003.4,29.9
2011-08-04,14:09:00,4.561,15.124,1003.4,29.9
2011-08-04,14:10:00,3.665,15.11,1003.4,29.9
2011-08-04,14:11:00,25.171,1507.791,1003.4,29.9
2011-08-04,14:12:00,25.176,1508.005,1003.4,29.9
2011-08-04,14:13:00,25.176,1508.01,1003.4,29.9
2011-08-04,14:14:00,25.176,1508.006,1003.4,29.9
2011-08-04,14:15:00,25.176,1508.018,1003.4,29.9
2011-08-04,14:16:00,25.176,1508.007,1003.4,29.9
2011-08-04,14:17:00,25.176,1508.006,1003.4,29.9
2011-08-04,14:18:00,25.176,1508.004,1003.4,29.9
2011-08-04,14:19:00,25.17,1507.791,1003.4,29.9
2011-08-04,14:20:00,2.321,15.158,1003.4,29.9
2011-08-04,14:21:00,4.047,15.159,1003.4,29.9
2011-08-04,14:22:00,4.34,15.165,1003.4,29.9
2011-08-04,14:23:00,4.987,15.163,1003.4,29.9
2011-08-04,14:24:00,2.815,15.168,1003.4,29.9
2011-08-04,14:25:00,4.545,15.168,1003.4,29.9
2011-08-04,14:26:00,3.196,15.171,1003.4,29.9
2011-08-04,14:27:00,2.796,15.15,1003.4,29.9
2011-08-04,14:28:00,3.728,15.171,1003.4,29.9
2011-08-04,14:29:00,3.278,15.176,1003.4,29.9
2011-08-04,14:30:00,1.135,15.139,1003.4,29.9
2011-08-04,14:31:00,1.409,15.132,1003.4,29.9
2011-08-04,14:32:00,1.711,15.136,1003.4,29.9
2011-08-04,14:33:00,1.947,15.151,1003.4,29.9
2011-08-04,14:34:00,0.913,15.157,1003.4,29.9
2011-08-04,14:35:00,1.213,15.134,1003.4,29.9
2011-08-04,14:36:00,1.533,15.126,1003.4,29.9
2011-08-04,14:37:00,1.889,15.141,1003.4,29.9
2011-08-04,14:38:00,1.706,15.164,1003.4,29.9
2011-08-04,14:39:00,2.11,15.158,1003.4,29.9
2011-08-04,14:40:00,2.033,15.146,1003.4,29.9
2011-08-04,14:41:00,2.063,15.147,1003.4,29.9
2011-08-04,14:42:00,2.564,15.154,1003.4,29.9
2011-08-04,14:43:00,1.698,15.155,1003.4,29.9
2011-08-04,14:44:00,2.405,15.161,1003.4,29.9
2011-08-04,14:45:00,2.32,15.151,1003.4,29.9
2011-08-04,14:46:00,1.843,15.138,1003.4,29.9
2011-08-04,14:47:00,1.91,15.152,1003.4,29.9
2011-08-04,14:48:00,1.817,15.169,1003.4,29.9
2011-08-04,14:49:00,2.827,15.123,1003.4,29.9
2011-08-04,14:50:00,1.997,15.119,1003.4,29.9
2011-08-04,14:51:00,1.58,15.112,1003.4,29.9
2011-08-04,14:52:00,2.72,15.122,1003.4,29.9
2011-08-04,14:53:00,1.476,15.109,1003.4,29.9
2011-08-04,14:54:00,1.394,15.125,1003.4,29.9
2011-08-04,14:55:00,1.315,15.121,1003.4,29.9
2011-08-04,14:56:00,1.826,15.171,1003.4,29.9
2011-08-04,14:57:00,2.03,15.138,1003.4,29.9
2011-08-04,14:58:00,2.065,15.158,1003.4,29.9
2011-08-04,14:59:00,1.764,15.155,1003.4,29.9
2011-08-04,15:00:00,1.605,15.167,1003.6,30.7
2011-08-04,15:01:00,1.404,15.128,1003.6,30.7
2011-08-04,15:02:00,1.504,15.162,1003.6,30.7
2011-08-04,15:03:00,1.285,15.151,1003.6,30.7
2011-08-04,15:04:00,1.936,15.155,1003.6,30.7
2011-08-04,15:05:00,2.104,15.168,1003.6,30.7
2011-08-04,15:06:00,2.589,15.169,1003.6,30.7
2011-08-04,15:07:00,2.936,15.152,1003.6,30.7
2011-08-04,15:08:00,3.613,15.132,1003.6,30.7
2011-08-04,15:09:00,3.983,15.162,1003.6,30.7
2011-08-04,15:10:00,3.925,15.168,1003.6,30.7
2011-08-04,15:11:00,4.075,15.174,1003.6,30.7
2011-08-04,15:12:00,4.243,15.161,1003.6,30.7
2011-08-04,15:13:00,3.55,15.162,1003.6,30.7
2011-08-04,15:14:00,4.403,15.189,1003.6,30.7
2011-08-04,15:15:00,4.979,15.17,1003.6,30.7
2011-08-04,15:16:00,4.565,15.201,1003.6,30.7
2011-08-04,15:17:00,4.551,15.176,1003.6,30.7
2011-08-04,15:18:00,4.976,15.177,1003.6,30.7
2011-08-04,15:19:00,5.399,15.154,1003.6,30.7
2011-08-04,15:20:00,4.859,15.19,1003.6,30.7
2011-08-04,15:21:00,25.176,1508.012,1003.6,30.7
2011-08-04,15:22:00,25.176,1508.008,1003.6,30.7
2011-08-04,15:23:00,25.176,1508.018,1003.6,30.7
2011-08-04,15:24:00,25.176,1508.017,1003.6,30.7
2011-08-04,15:25:00,25.176,1508.032,1003.6,30.7
2011-08-04,15:26:00,25.176,1508.001,1003.6,30.7
2011-08-04,15:27:00,25.176,1508.009,1003.6,30.7
2011-08-04,15:28:00,25.176,1508.018,1003.6,30.7
2011-08-04,15:29:00,25.176,1508.015,1003.6,30.7
2011-08-04,15:30:00,25.176,1508.008,1003.6,30.7
2011-08-04,15:31:00,25.176,1508.006,1003.6,30.7
2011-08-04,15:32:00,25.176,1508.01,1003.6,30.7
2011-08-04,15:33:00,25.17,1507.808,1003.6,30.7
2011-08-04,15:34:00,25.171,1507.822,1003.6,30.7
2011-08-04,15:35:00,25.17,1507.764,1003.6,30.7
2011-08-04,15:36:00,25.17,1507.782,1003.6,30.7
2011-08-04,15:37:00,25.127,1505.239,1003.6,30.7
2011-08-04,15:38:00,25.179,1510.301,1003.6,30.7
2011-08-04,15:39:00,25.163,1506.357,1003.6,30.7
2011-08-04,15:40:00,25.141,1505.548,1003.6,30.7
2011-08-04,15:41:00,25.132,1505.655,1003.6,30.7
2011-08-04,15:42:00,25.167,1507.701,1003.6,30.7
2011-08-04,15:43:00,25.151,1505.535,1003.6,30.7
2011-08-04,15:44:00,25.225,1509.509,1003.6,30.7
2011-08-04,15:45:00,25.207,1511.483,1003.6,30.7
2011-08-04,15:46:00,25.142,1507.407,1003.6,30.7
2011-08-04,15:47:00,25.235,1512.047,1003.6,30.7
2011-08-04,15:48:00,25.129,1505.26,1003.6,30.7
2011-08-04,15:49:00,25.205,1509.103,1003.6,30.7
2011-08-04,15:50:00,25.134,1505.871,1003.6,30.7
2011-08-04,15:51:00,25.146,1505.376,1003.6,30.7
2011-08-04,15:52:00,25.245,1511.222,1003.6,30.7
2011-08-04,15:53:00,25.152,1508.278,1003.6,30.7
2011-08-04,15:54:00,25.127,1505.176,1003.6,30.7
2011-08-04,15:55:00,25.121,1504.983,1003.6,30.7
2011-08-04,15:56:00,25.128,1506.612,1003.6,30.7
2011-08-04,15:57:00,25.154,1507.652,1003.6,30.7
2011-08-04,15:58:00,25.138,1506.401,1003.6,30.7
2011-08-04,15:59:00,25.237,1511.788,1003.6,30.7
2011-08-04,16:00:00,25.15,1505.73,1003.6,29.7
2011-08-04,16:01:00,25.225,1509.503,1003.5,29.7
2011-08-04,16:02:00,25.158,1506.06,1003.5,29.7
2011-08-04,16:03:00,3.066,15.205,1003.5,29.7
2011-08-04,16:04:00,3.93,15.185,1003.5,29.7
2011-08-04,16:05:00,4.976,15.199,1003.5,29.7
2011-08-04,16:06:00,4.614,15.202,1003.5,29.7
2011-08-04,16:07:00,3.714,15.197,1003.5,29.7
2011-08-04,16:08:00,5.363,15.187,1003.5,29.7
2011-08-04,16:09:00,4.499,15.187,1003.5,29.7
2011-08-04,16:10:00,4.44,15.157,1003.5,29.7
2011-08-04,16:11:00,5.226,15.181,1003.5,29.7
2011-08-04,16:12:00,4.659,15.179,1003.5,29.7
2011-08-04,16:13:00,4.172,15.191,1003.5,29.7
2011-08-04,16:14:00,25.17,1507.794,1003.5,29.7
2011-08-04,16:15:00,4.018,15.19,1003.5,29.7
2011-08-04,16:16:00,4.277,15.212,1003.5,29.7
2011-08-04,16:17:00,4.274,15.169,1003.5,29.7
2011-08-04,16:18:00,4.997,15.172,1003.5,29.7
2011-08-04,16:19:00,4.043,15.182,1003.5,29.7
2011-08-04,16:20:00,5.608,15.174,1003.5,29.7
2011-08-04,16:21:00,1.825,15.184,1003.5,29.7
2011-08-04,16:22:00,4.995,15.195,1003.5,29.7
2011-08-04,16:23:00,3.432,15.188,1003.5,29.7
2011-08-04,16:24:00,3.082,15.177,1003.5,29.7
2011-08-04,16:25:00,4.486,15.175,1003.5,29.7
2011-08-04,16:26:00,5.102,15.164,1003.5,29.7
2011-08-04,16:27:00,4.971,15.17,1003.5,29.7
2011-08-04,16:28:00,3.771,15.179,1003.5,29.7
2011-08-04,16:29:00,25.171,1507.812,1003.5,29.7
2011-08-04,16:30:00,4.731,15.16,1003.5,29.7
2011-08-04,16:31:00,5.394,15.151,1003.5,29.7
2011-08-04,16:32:00,5.072,15.134,1003.5,29.7
2011-08-04,16:33:00,4.368,15.138,1003.5,29.7
2011-08-04,16:34:00,4.827,15.139,1003.5,29.7
2011-08-04,16:35:00,5.903,15.114,1003.5,29.7
2011-08-04,16:36:00,4.92,15.147,1003.5,29.7
2011-08-04,16:37:00,5.692,15.156,1003.5,29.7
2011-08-04,16:38:00,4.622,15.142,1003.5,29.7
2011-08-04,16:39:00,4.314,15.165,1003.5,29.7
2011-08-04,16:40:00,3.907,15.154,1003.5,29.7
2011-08-04,16:41:00,2.753,15.144,1003.5,29.7
2011-08-04,16:42:00,2.177,15.136,1003.5,29.7
2011-08-04,16:43:00,3.242,15.14,1003.5,29.7
2011-08-04,16:44:00,3.625,15.184,1003.5,29.7
2011-08-04,16:45:00,25.17,1507.792,1003.5,29.7
2011-08-04,16:46:00,3.168,15.156,1003.5,29.7
2011-08-04,16:47:00,1.819,15.157,1003.5,29.7
2011-08-04,16:48:00,4.587,15.179,1003.5,29.7
2011-08-04,16:49:00,3.235,15.168,1003.5,29.7
2011-08-04,16:50:00,2.192,15.154,1003.5,29.7
2011-08-04,16:51:00,1.886,15.139,1003.5,29.7
2011-08-04,16:52:00,1.756,15.156,1003.5,29.7
2011-08-04,16:53:00,1.039,15.157,1003.5,29.7
2011-08-04,16:54:00,1.313,15.142,1003.5,29.7
2011-08-04,16:55:00,2.485,15.144,1003.5,29.7
2011-08-04,16:56:00,3.075,15.169,1003.5,29.7
2011-08-04,16:57:00,3.774,15.166,1003.5,29.7
2011-08-04,16:58:00,2.601,15.16,1003.5,29.7
2011-08-04,16:59:00,2.815,15.164,1003.5,29.7
2011-08-04,17:00:00,3.786,15.163,1003.5,29.7
2011-08-04,17:01:00,3.797,15.175,1003.9,29.7
2011-08-04,17:02:00,2.352,15.165,1003.9,29.7
2011-08-04,17:03:00,2.854,15.156,1003.9,29.7
2011-08-04,17:04:00,2.218,15.149,1003.9,29.7
2011-08-04,17:05:00,1.939,15.138,1003.9,29.7
2011-08-04,17:06:00,3.254,15.171,1003.9,29.7
2011-08-04,17:07:00,1.054,15.16,1003.9,29.7
2011-08-04,17:08:00,1.884,15.158,1003.9,29.7
2011-08-04,17:09:00,2.619,15.139,1003.9,29.7
2011-08-04,17:10:00,25.176,1508.011,1003.9,29.7
2011-08-04,17:11:00,2.156,15.151,1003.9,29.7
2011-08-04,17:12:00,1.502,15.127,1003.9,29.7
2011-08-04,17:13:00,1.161,15.136,1003.9,29.7
2011-08-04,17:14:00,2.058,15.15,1003.9,29.7
2011-08-04,17:15:00,1.997,15.154,1003.9,29.7
2011-08-04,17:16:00,1.851,15.155,1003.9,29.7
2011-08-04,17:17:00,1.394,15.149,1003.9,29.7
2011-08-04,17:18:00,1.02,15.149,1003.9,29.7
2011-08-04,17:19:00,1.609,15.151,1003.9,29.7
2011-08-04,17:20:00,1.869,15.151,1003.9,29.7
2011-08-04,17:21:00,1.306,15.132,1003.9,29.7
2011-08-04,17:22:00,1.757,15.171,1003.9,29.7
2011-08-04,17:23:00,1.474,15.155,1003.9,29.7
2011-08-04,17:24:00,2.31,15.166,1003.9,29.7
2011-08-04,17:25:00,25.176,1508.008,1003.9,29.7
2011-08-04,17:26:00,2.581,15.151,1003.9,29.7
2011-08-04,17:27:00,2.653,15.147,1003.9,29.7
2011-08-04,17:28:00,3.359,15.178,1003.9,29.7
2011-08-04,17:29:00,2.992,15.112,1003.9,29.7
2011-08-04,17:30:00,25.17,1507.798,1003.9,29.7
2011-08-04,17:31:00,3.173,15.155,1003.9,29.7
2011-08-04,17:32:00,3.019,15.168,1003.9,29.7
2011-08-04,17:33:00,3.463,15.172,1003.9,29.7
2011-08-04,17:34:00,25.17,1507.787,1003.9,29.7
2011-08-04,17:35:00,2.84,15.142,1003.9,29.7
2011-08-04,17:36:00,2.475,15.134,1003.9,29.7
2011-08-04,17:37:00,1.693,15.158,1003.9,29.7
2011-08-04,17:38:00,1.54,15.148,1003.9,29.7
2011-08-04,17:39:00,25.176,1508.019,1003.9,29.7
2011-08-04,17:40:00,1.255,15.158,1003.9,29.7
2011-08-04,17:41:00,1.375,15.158,1003.9,29.7
2011-08-04,17:42:00,1.37,15.153,1003.9,29.7
2011-08-04,17:43:00,1.096,15.138,1003.9,29.7
2011-08-04,17:44:00,1.326,15.153,1003.9,29.7
2011-08-04,17:45:00,1.405,15.124,1003.9,29.7
2011-08-04,17:46:00,1.12,15.115,1003.9,29.7
2011-08-04,17:47:00,25.176,1508.01,1003.9,29.7
2011-08-04,17:48:00,0.786,15.137,1003.9,29.7
2011-08-04,17:49:00,0.79,15.161,1003.9,29.7
2011-08-04,17:50:00,0.975,15.143,1003.9,29.7
2011-08-04,17:51:00,1.137,15.156,1003.9,29.7
2011-08-04,17:52:00,1.283,15.15,1003.9,29.7
2011-08-04,17:53:00,1.115,15.155,1003.9,29.7
2011-08-04,17:54:00,1.129,15.158,1003.9,29.7
2011-08-04,17:55:00,1.14,15.147,1003.9,29.7
2011-08-04,17:56:00,0.922,15.158,1003.9,29.7
2011-08-04,17:57:00,0.925,15.166,1003.9,29.7
2011-08-04,17:58:00,1.016,15.132,1003.9,29.7
2011-08-04,17:59:00,1.028,15.153,1003.9,29.7
2011-08-04,18:00:00,1.054,15.143,1003.9,29.7
2011-08-04,18:01:00,0.936,15.171,1003.7,29.7
2011-08-04,18:02:00,25.176,1508,1003.7,29.7
2011-08-04,18:03:00,0.758,15.134,1003.7,29.7
2011-08-04,18:04:00,0.793,15.152,1003.7,29.7
2011-08-04,18:05:00,0.667,15.164,1003.7,29.7
2011-08-04,18:06:00,0.666,15.124,1003.7,29.7
2011-08-04,18:07:00,0.757,15.134,1003.7,29.7
2011-08-04,18:08:00,0.869,15.103,1003.7,29.7
2011-08-04,18:09:00,0.737,15.128,1003.7,29.7
2011-08-04,18:10:00,0.663,15.112,1003.7,29.7
2011-08-04,18:11:00,0.665,15.107,1003.7,29.7
2011-08-04,18:12:00,0.676,15.121,1003.7,29.7
2011-08-04,18:13:00,0.666,15.132,1003.7,29.7
2011-08-04,18:14:00,0.703,15.121,1003.7,29.7
2011-08-04,18:15:00,0.698,15.164,1003.7,29.7
2011-08-04,18:16:00,0.811,15.166,1003.7,29.7
2011-08-04,18:17:00,0.817,15.15,1003.7,29.7
2011-08-04,18:18:00,0.837,15.139,1003.7,29.7
2011-08-04,18:19:00,0.968,15.152,1003.7,29.7
2011-08-04,18:20:00,1.022,15.156,1003.7,29.7
2011-08-04,18:21:00,1.065,15.148,1003.7,29.7
2011-08-04,18:22:00,1.135,15.154,1003.7,29.7
2011-08-04,18:23:00,1.324,15.157,1003.7,29.7
2011-08-04,18:24:00,1.429,15.154,1003.7,29.7
2011-08-04,18:25:00,1.636,15.147,1003.7,29.7
2011-08-04,18:26:00,1.599,15.157,1003.7,29.7
2011-08-04,18:27:00,1.771,15.171,1003.7,29.7
2011-08-04,18:28:00,1.711,15.149,1003.7,29.7
2011-08-04,18:29:00,1.614,15.174,1003.7,29.7
2011-08-04,18:30:00,1.637,15.162,1003.7,29.7
2011-08-04,18:31:00,1.534,15.165,1003.7,29.7
2011-08-04,18:32:00,1.313,15.156,1003.7,29.7
2011-08-04,18:33:00,1.425,15.165,1003.7,29.7
2011-08-04,18:34:00,1.381,15.163,1003.7,29.7
2011-08-04,18:35:00,1.373,15.16,1003.7,29.7
2011-08-04,18:36:00,1.234,15.167,1003.7,29.7
2011-08-04,18:37:00,1.29,15.136,1003.7,29.7
2011-08-04,18:38:00,1.529,15.133,1003.7,29.7
2011-08-04,18:39:00,1.413,15.146,1003.7,29.7
2011-08-04,18:40:00,0.85,15.148,1003.7,29.7
2011-08-04,18:41:00,1.234,15.145,1003.7,29.7
2011-08-04,18:42:00,1.209,15.16,1003.7,29.7
2011-08-04,18:43:00,1.242,15.14,1003.7,29.7
2011-08-04,18:44:00,1.234,15.147,1003.7,29.7
2011-08-04,18:45:00,1.373,15.151,1003.7,29.7
2011-08-04,18:46:00,1.427,15.14,1003.7,29.7
2011-08-04,18:47:00,1.439,15.141,1003.7,29.7
2011-08-04,18:48:00,1.611,15.135,1003.7,29.7
2011-08-04,18:49:00,1.475,15.161,1003.7,29.7
2011-08-04,18:50:00,25.176,1508.001,1003.7,29.7
2011-08-04,18:51:00,1.207,15.134,1003.7,29.7
2011-08-04,18:52:00,1.65,15.146,1003.7,29.7
2011-08-04,18:53:00,25.17,1507.789,1003.7,29.7
2011-08-04,18:54:00,2.012,15.174,1003.7,29.7
2011-08-04,18:55:00,1.393,15.152,1003.7,29.7
2011-08-04,18:56:00,1.077,15.167,1003.7,29.7
2011-08-04,18:57:00,1.636,15.155,1003.7,29.7
2011-08-04,18:58:00,1.21,15.146,1003.7,29.7
2011-08-04,18:59:00,0.992,15.149,1003.7,29.7
2011-08-04,19:00:00,25.17,1507.786,1003.7,28.6
2011-08-04,19:01:00,1.608,15.142,1003.9,28.6
2011-08-04,19:02:00,1.052,15.132,1003.9,28.6
2011-08-04,19:03:00,0.984,15.153,1003.9,28.6
2011-08-04,19:04:00,1.418,15.11,1003.9,28.6
2011-08-04,19:05:00,1.3,15.12,1003.9,28.6
2011-08-04,19:06:00,1.136,15.106,1003.9,28.6
2011-08-04,19:07:00,1.074,15.112,1003.9,28.6
2011-08-04,19:08:00,1.558,15.11,1003.9,28.6
2011-08-04,19:09:00,0.997,15.124,1003.9,28.6
2011-08-04,19:10:00,1.847,15.135,1003.9,28.6
2011-08-04,19:11:00,1.129,15.146,1003.9,28.6
2011-08-04,19:12:00,2.462,15.155,1003.9,28.6
2011-08-04,19:13:00,2.315,15.152,1003.9,28.6
2011-08-04,19:14:00,2.723,15.166,1003.9,28.6
2011-08-04,19:15:00,2.401,15.137,1003.9,28.6
2011-08-04,19:16:00,1.646,15.157,1003.9,28.6
2011-08-04,19:17:00,2.665,15.144,1003.9,28.6
2011-08-04,19:18:00,2.37,15.148,1003.9,28.6
2011-08-04,19:19:00,1.924,15.154,1003.9,28.6
2011-08-04,19:20:00,1.757,15.162,1003.9,28.6
2011-08-04,19:21:00,1.848,15.145,1003.9,28.6
2011-08-04,19:22:00,1.972,15.148,1003.9,28.6
2011-08-04,19:23:00,0.96,15.15,1003.9,28.6
2011-08-04,19:24:00,1.137,15.15,1003.9,28.6
2011-08-04,19:25:00,1.182,15.155,1003.9,28.6
2011-08-04,19:26:00,0.981,15.153,1003.9,28.6
2011-08-04,19:27:00,1.911,15.154,1003.9,28.6
2011-08-04,19:28:00,1.018,15.14,1003.9,28.6
2011-08-04,19:29:00,1.334,15.148,1003.9,28.6
2011-08-04,19:30:00,1.161,15.152,1003.9,28.6
2011-08-04,19:31:00,1.649,15.152,1003.9,28.6
2011-08-04,19:32:00,0.904,15.135,1003.9,28.6
2011-08-04,19:33:00,1.597,15.149,1003.9,28.6
2011-08-04,19:34:00,0.931,15.137,1003.9,28.6
2011-08-04,19:35:00,1.431,15.157,1003.9,28.6
2011-08-04,19:36:00,1.011,15.118,1003.9,28.6
2011-08-04,19:37:00,1.1,15.137,1003.9,28.6
2011-08-04,19:38:00,1.161,15.128,1003.9,28.6
2011-08-04,19:39:00,1.275,15.155,1003.9,28.6
2011-08-04,19:40:00,0.91,15.143,1003.9,28.6
2011-08-04,19:41:00,0.973,15.151,1003.9,28.6
2011-08-04,19:42:00,1.85,15.161,1003.9,28.6
2011-08-04,19:43:00,1.707,15.13,1003.9,28.6
2011-08-04,19:44:00,2.046,15.152,1003.9,28.6
2011-08-04,19:45:00,1.868,15.156,1003.9,28.6
2011-08-04,19:46:00,2.122,15.151,1003.9,28.6
2011-08-04,19:47:00,2.06,15.167,1003.9,28.6
2011-08-04,19:48:00,2.324,15.202,1003.9,28.6
2011-08-04,19:49:00,2.273,15.129,1003.9,28.6
2011-08-04,19:50:00,2.194,15.142,1003.9,28.6
2011-08-04,19:51:00,2.359,15.16,1003.9,28.6
2011-08-04,19:52:00,2.344,15.16,1003.9,28.6
2011-08-04,19:53:00,2.221,15.133,1003.9,28.6
2011-08-04,19:54:00,2.266,15.153,1003.9,28.6
2011-08-04,19:55:00,2.292,15.122,1003.9,28.6
2011-08-04,19:56:00,2.419,15.128,1003.9,28.6
2011-08-04,19:57:00,2.448,15.135,1003.9,28.6
2011-08-04,19:58:00,2.499,15.091,1003.9,28.6
2011-08-04,19:59:00,2.546,15.104,1003.9,28.6
2011-08-04,20:00:00,2.521,15.162,1003.9,28.6
2011-08-04,20:01:00,2.432,15.173,1004,28.6
2011-08-04,20:02:00,2.824,15.162,1004,28.6
2011-08-04,20:03:00,2.817,15.15,1004,28.6
2011-08-04,20:04:00,2.919,15.168,1004,28.6
2011-08-04,20:05:00,25.176,1508.007,1004,28.6
2011-08-04,20:06:00,3.041,15.145,1004,28.6
2011-08-04,20:07:00,3.007,15.183,1004,28.6
2011-08-04,20:08:00,2.913,15.155,1004,28.6
2011-08-04,20:09:00,3.149,15.175,1004,28.6
2011-08-04,20:10:00,3.371,15.177,1004,28.6
2011-08-04,20:11:00,3.61,15.171,1004,28.6
2011-08-04,20:12:00,3.734,15.148,1004,28.6
2011-08-04,20:13:00,3.838,15.171,1004,28.6
2011-08-04,20:14:00,3.828,15.18,1004,28.6
2011-08-04,20:15:00,25.17,1507.791,1004,28.6
2011-08-04,20:16:00,3.873,15.129,1004,28.6
2011-08-04,20:17:00,3.862,15.171,1004,28.6
2011-08-04,20:18:00,3.928,15.175,1004,28.6
2011-08-04,20:19:00,4.061,15.185,1004,28.6
2011-08-04,20:20:00,3.883,15.187,1004,28.6
2011-08-04,20:21:00,4.075,15.165,1004,28.6
2011-08-04,20:22:00,4.048,15.179,1004,28.6
2011-08-04,20:23:00,4.024,15.187,1004,28.6
2011-08-04,20:24:00,3.911,15.18,1004,28.6
2011-08-04,20:25:00,3.746,15.159,1004,28.6
2011-08-04,20:26:00,3.844,15.195,1004,28.6
2011-08-04,20:27:00,3.761,15.191,1004,28.6
2011-08-04,20:28:00,3.739,15.197,1004,28.6
2011-08-04,20:29:00,3.713,15.16,1004,28.6
2011-08-04,20:30:00,2.457,15.127,1004,28.6
2011-08-04,20:31:00,3.526,15.145,1004,28.6
2011-08-04,20:32:00,3.566,15.168,1004,28.6
2011-08-04,20:33:00,3.619,15.182,1004,28.6
2011-08-04,20:34:00,3.524,15.164,1004,28.6
2011-08-04,20:35:00,25.171,1507.805,1004,28.6
2011-08-04,20:36:00,3.53,15.143,1004,28.6
2011-08-04,20:37:00,3.508,15.169,1004,28.6
2011-08-04,20:38:00,3.392,15.148,1004,28.6
2011-08-04,20:39:00,3.448,15.161,1004,28.6
2011-08-04,20:40:00,3.502,15.164,1004,28.6
2011-08-04,20:41:00,3.572,15.173,1004,28.6
2011-08-04,20:42:00,3.503,15.156,1004,28.6
2011-08-04,20:43:00,3.626,15.171,1004,28.6
2011-08-04,20:44:00,3.681,15.186,1004,28.6
2011-08-04,20:45:00,3.693,15.175,1004,28.6
2011-08-04,20:46:00,3.71,15.188,1004,28.6
2011-08-04,20:47:00,3.613,15.184,1004,28.6
2011-08-04,20:48:00,3.291,15.174,1004,28.6
2011-08-04,20:49:00,3.374,15.16,1004,28.6
2011-08-04,20:50:00,3.708,15.171,1004,28.6
2011-08-04,20:51:00,3.809,15.165,1004,28.6
2011-08-04,20:52:00,3.878,15.135,1004,28.6
2011-08-04,20:53:00,3.624,15.151,1004,28.6
2011-08-04,20:54:00,3.684,15.135,1004,28.6
2011-08-04,20:55:00,3.683,15.139,1004,28.6
2011-08-04,20:56:00,25.17,1507.791,1004,28.6
2011-08-04,20:57:00,3.928,15.164,1004,28.6
2011-08-04,20:58:00,3.794,15.176,1004,28.6
2011-08-04,20:59:00,3.728,15.17,1004,28.6
2011-08-04,21:00:00,3.783,15.167,1004,28.4
2011-08-04,21:01:00,3.491,15.169,1004.2,28.4
2011-08-04,21:02:00,3.407,15.148,1004.2,28.4
2011-08-04,21:03:00,3.46,15.144,1004.2,28.4
2011-08-04,21:04:00,3.187,15.159,1004.2,28.4
2011-08-04,21:05:00,3.237,15.189,1004.2,28.4
2011-08-04,21:06:00,3.153,15.173,1004.2,28.4
2011-08-04,21:07:00,3.35,15.169,1004.2,28.4
2011-08-04,21:08:00,3.42,15.154,1004.2,28.4
2011-08-04,21:09:00,3.205,15.163,1004.2,28.4
2011-08-04,21:10:00,3.17,15.161,1004.2,28.4
2011-08-04,21:11:00,3.301,15.156,1004.2,28.4
2011-08-04,21:12:00,3.512,15.175,1004.2,28.4
2011-08-04,21:13:00,3.552,15.161,1004.2,28.4
2011-08-04,21:14:00,3.471,15.168,1004.2,28.4
2011-08-04,21:15:00,3.604,15.178,1004.2,28.4
2011-08-04,21:16:00,3.61,15.178,1004.2,28.4
2011-08-04,21:17:00,3.689,15.173,1004.2,28.4
2011-08-04,21:18:00,3.701,15.174,1004.2,28.4
2011-08-04,21:19:00,0.99,15.143,1004.2,28.4
2011-08-04,21:20:00,3.842,15.15,1004.2,28.4
2011-08-04,21:21:00,3.95,15.178,1004.2,28.4
2011-08-04,21:22:00,4.02,15.152,1004.2,28.4
2011-08-04,21:23:00,3.846,15.135,1004.2,28.4
2011-08-04,21:24:00,3.798,15.155,1004.2,28.4
2011-08-04,21:25:00,3.797,15.139,1004.2,28.4
2011-08-04,21:26:00,3.683,15.133,1004.2,28.4
2011-08-04,21:27:00,3.734,15.132,1004.2,28.4
2011-08-04,21:28:00,3.919,15.129,1004.2,28.4
2011-08-04,21:29:00,3.772,15.14,1004.2,28.4
2011-08-04,21:30:00,3.75,15.19,1004.2,28.4
2011-08-04,21:31:00,3.573,15.2,1004.2,28.4
2011-08-04,21:32:00,3.568,15.174,1004.2,28.4
2011-08-04,21:33:00,3.548,15.183,1004.2,28.4
2011-08-04,21:34:00,3.767,15.161,1004.2,28.4
2011-08-04,21:35:00,3.941,15.177,1004.2,28.4
2011-08-04,21:36:00,3.914,15.174,1004.2,28.4
2011-08-04,21:37:00,3.949,15.182,1004.2,28.4
2011-08-04,21:38:00,4.011,15.144,1004.2,28.4
2011-08-04,21:39:00,3.556,15.147,1004.2,28.4
2011-08-04,21:40:00,3.586,15.145,1004.2,28.4
2011-08-04,21:41:00,3.976,15.148,1004.2,28.4
2011-08-04,21:42:00,3.609,15.168,1004.2,28.4
2011-08-04,21:43:00,4.035,15.137,1004.2,28.4
2011-08-04,21:44:00,3.951,1508.001,1004.2,28.4
2011-08-04,21:45:00,4.331,88.467,1004.2,28.4
2011-08-04,21:46:00,4.198,77.833,1004.2,28.4
2011-08-04,21:47:00,4.082,75.359,1004.2,28.4
2011-08-04,21:48:00,4.129,72.08,1004.2,28.4
2011-08-04,21:49:00,4.167,74.958,1004.2,28.4
2011-08-04,21:50:00,4.319,74.071,1004.2,28.4
2011-08-04,21:51:00,3.986,69.829,1004.2,28.4
2011-08-04,21:52:00,4.148,73.16,1004.2,28.4
2011-08-04,21:53:00,3.92,61.378,1004.2,28.4
2011-08-04,21:54:00,4.053,75.609,1004.2,28.4
2011-08-04,21:55:00,3.998,78.115,1004.2,28.4
2011-08-04,21:56:00,4.06,71.341,1004.2,28.4
2011-08-04,21:57:00,4.076,75.69,1004.2,28.4
2011-08-04,21:58:00,4.16,78.731,1004.2,28.4
2011-08-04,21:59:00,4.088,80.679,1004.2,28.4
2011-08-04,22:00:00,4.117,76.794,1004.2,28.4
2011-08-04,22:01:00,4.036,71.323,1004.4,28.4
2011-08-04,22:02:00,3.974,60.425,1004.4,28.4
2011-08-04,22:03:00,4.03,59.79,1004.4,28.4
2011-08-04,22:04:00,4.007,59.366,1004.4,28.4
2011-08-04,22:05:00,3.91,66.603,1004.4,28.4
2011-08-04,22:06:00,3.839,63.758,1004.4,28.4
2011-08-04,22:07:00,3.953,65.425,1004.4,28.4
2011-08-04,22:08:00,3.916,73.685,1004.4,28.4
2011-08-04,22:09:00,3.939,74.749,1004.4,28.4
2011-08-04,22:10:00,4.065,78.58,1004.4,28.4
2011-08-04,22:11:00,3.655,71.269,1004.4,28.4
2011-08-04,22:12:00,3.713,69.05,1004.4,28.4
2011-08-04,22:13:00,3.808,67.089,1004.4,28.4
2011-08-04,22:14:00,3.504,67.124,1004.4,28.4
2011-08-04,22:15:00,3.879,62.701,1004.4,28.4
2011-08-04,22:16:00,3.765,51.268,1004.4,28.4
2011-08-04,22:17:00,3.608,46.38,1004.4,28.4
2011-08-04,22:18:00,3.578,48.721,1004.4,28.4
2011-08-04,22:19:00,3.539,48.381,1004.4,28.4
2011-08-04,22:20:00,3.588,44.385,1004.4,28.4
2011-08-04,22:21:00,3.458,48.085,1004.4,28.4
2011-08-04,22:22:00,3.708,49.555,1004.4,28.4
2011-08-04,22:23:00,3.496,45.772,1004.4,28.4
2011-08-04,22:24:00,3.59,52.383,1004.4,28.4
2011-08-04,22:25:00,3.677,59.745,1004.4,28.4
2011-08-04,22:26:00,3.53,57.013,1004.4,28.4
2011-08-04,22:27:00,3.597,55.006,1004.4,28.4
2011-08-04,22:28:00,3.728,56.493,1004.4,28.4
2011-08-04,22:29:00,3.701,55.928,1004.4,28.4
2011-08-04,22:30:00,3.809,64.9,1004.4,28.4
2011-08-04,22:31:00,3.781,60.205,1004.4,28.4
2011-08-04,22:32:00,3.889,54.664,1004.4,28.4
2011-08-04,22:33:00,3.753,39.573,1004.4,28.4
2011-08-04,22:34:00,3.525,39.078,1004.4,28.4
2011-08-04,22:35:00,3.822,39.92,1004.4,28.4
2011-08-04,22:36:00,2.939,36.969,1004.4,28.4
2011-08-04,22:37:00,3.392,40.863,1004.4,28.4
2011-08-04,22:38:00,3.798,50.685,1004.4,28.4
2011-08-04,22:39:00,3.715,54.389,1004.4,28.4
2011-08-04,22:40:00,3.587,54.847,1004.4,28.4
2011-08-04,22:41:00,3.383,53.4,1004.4,28.4
2011-08-04,22:42:00,3.78,62.692,1004.4,28.4
2011-08-04,22:43:00,3.761,55.116,1004.4,28.4
2011-08-04,22:44:00,3.671,61.08,1004.4,28.4
2011-08-04,22:45:00,3.809,64.21,1004.4,28.4
2011-08-04,22:46:00,3.871,67.526,1004.4,28.4
2011-08-04,22:47:00,3.992,66.886,1004.4,28.4
2011-08-04,22:48:00,3.737,68.321,1004.4,28.4
2011-08-04,22:49:00,3.878,73.742,1004.4,28.4
2011-08-04,22:50:00,3.936,81.817,1004.4,28.4
2011-08-04,22:51:00,4.145,77.193,1004.4,28.4
2011-08-04,22:52:00,4.021,82.426,1004.4,28.4
2011-08-04,22:53:00,4.093,82.404,1004.4,28.4
2011-08-04,22:54:00,4.254,75.276,1004.4,28.4
2011-08-04,22:55:00,4.037,73.687,1004.4,28.4
2011-08-04,22:56:00,3.891,78.499,1004.4,28.4
2011-08-04,22:57:00,3.841,80.349,1004.4,28.4
2011-08-04,22:58:00,3.943,77.323,1004.4,28.4
2011-08-04,22:59:00,3.906,73.815,1004.4,28.4
2011-08-04,23:00:00,4.131,75.674,1004.4,27.9
2011-08-04,23:01:00,4.121,73.457,1004.6,27.9
2011-08-04,23:02:00,4.108,62.416,1004.6,27.9
2011-08-04,23:03:00,4.106,64.25,1004.6,27.9
2011-08-04,23:04:00,3.944,58.572,1004.6,27.9
2011-08-04,23:05:00,3.705,66.422,1004.6,27.9
2011-08-04,23:06:00,4.126,75.598,1004.6,27.9
2011-08-04,23:07:00,4.037,76.342,1004.6,27.9
2011-08-04,23:08:00,4.048,73.76,1004.6,27.9
2011-08-04,23:09:00,3.721,71.472,1004.6,27.9
2011-08-04,23:10:00,3.592,78.947,1004.6,27.9
2011-08-04,23:11:00,4.021,81.673,1004.6,27.9
2011-08-04,23:12:00,4.078,94.296,1004.6,27.9
2011-08-04,23:13:00,4.204,103.246,1004.6,27.9
2011-08-04,23:14:00,4.359,109.696,1004.6,27.9
2011-08-04,23:15:00,4.144,113.833,1004.6,27.9
2011-08-04,23:16:00,4.332,111.484,1004.6,27.9
